S.No,Swagger Section,HTTP Method,Endpoint,Description,Source File,Category
1,00-Password Validation,POST,/api/v1/common/password/validate,,,
2,00-Password Validation,GET,/api/v1/common/password/policy,,,
3,00A-Role Management,GET,/api/v1/common/roles,,,
4,00A-Role Management,POST,/api/v1/common/roles,,,
5,00A-Role Management,GET,/api/v1/common/roles/provider,,,
6,00A-Role Management,GET,/api/v1/common/roles/tenant,,,
7,00A-Role Management,GET,/api/v1/common/roles/{roleId},,,
8,00A-Role Management,PUT,/api/v1/common/roles/{roleId},,,
9,00A-Role Management,DELETE,/api/v1/common/roles/{roleId},,,
10,00A-Role Management,PUT,/api/v1/common/roles/{roleId}/permissions,,,
11,00A-Role Management,GET,/api/v1/common/roles/{roleId}/permissions,,,
12,00A-Role Management,GET,/api/v1/common/roles/permissions,,,
13,00B-Reference Data,GET,/api/v1/common/countries,,,
14,00B-Reference Data,GET,/api/v1/common/industries,,,
15,01-Provider Authentication,POST,/api/v1/provider/auth/login,,,
16,01-Provider Authentication,POST,/api/v1/provider/auth/refresh,,,
17,01-Provider Authentication,POST,/api/v1/provider/auth/logout,,,
18,01-Provider Authentication,GET,/api/v1/provider/auth/me,,,
19,01-Provider Authentication,POST,/api/v1/provider/auth/exchange-code,,,
20,02-Provider Users Management,POST,/api/v1/provider/users/invite,,,
21,02-Provider Users Management,POST,/api/v1/provider/users/complete,,,
22,02-Provider Users Management,GET,/api/v1/provider/users,,,
23,02-Provider Users Management,GET,/api/v1/provider/users/{userId},,,
24,02-Provider Users Management,DELETE,/api/v1/provider/users/{userId},,,
25,02-Provider Users Management,PUT,/api/v1/provider/users/invitations/cancel,,,
26,02-Provider Users Management,GET,/api/v1/provider/users/ListOfinvitations,,,
27,02-Provider Users Management,POST,/api/v1/provider/users/forgot-password,,,
28,02-Provider Users Management,POST,/api/v1/provider/users/reset-password,,,
29,02-Provider Users Management,PUT,/api/v1/provider/users/{userId}/Update-profile,,,
30,02-Provider Users Management,PUT,/api/v1/provider/users/{userId}/change-role,,,
31,03-Module Management,POST,/api/v1/master/modules,,,
32,03-Module Management,GET,/api/v1/master/modules,,,
33,03-Module Management,GET,/api/v1/master/modules/{moduleId},,,
34,03-Module Management,PUT,/api/v1/master/modules/{moduleId},,,
35,03-Module Management,DELETE,/api/v1/master/modules/{moduleId},,,
36,04-Subscription Plan Management,POST,/api/v1/master/subscription-plans,,,
37,04-Subscription Plan Management,GET,/api/v1/master/subscription-plans,,,
38,04-Subscription Plan Management,GET,/api/v1/master/subscription-plans/{planId},,,
39,04-Subscription Plan Management,PUT,/api/v1/master/subscription-plans/{planId},,,
40,04-Subscription Plan Management,DELETE,/api/v1/master/subscription-plans/{planId},,,
41,04-Subscription Plan Management,POST,/api/v1/master/subscription-plans/{planId}/modules,,,
42,04-Subscription Plan Management,DELETE,/api/v1/master/subscription-plans/{planId}/modules/{moduleId},,,
43,05-Subscription Management,GET,/api/v1/master/subscriptions,,,
44,05-Subscription Management,POST,/api/v1/master/subscriptions,,,
45,05-Subscription Management,GET,/api/v1/master/subscriptions/{subscriptionId},,,
46,05-Subscription Management,PUT,/api/v1/master/subscriptions/{subscriptionId},,,
47,05-Subscription Management,DELETE,/api/v1/master/subscriptions/{subscriptionId},,,
48,05-Subscription Management,GET,/api/v1/master/subscriptions/company/{companyId},,,
49,05-Subscription Management,GET,/api/v1/master/subscriptions/company/{companyId}/modules,,,
50,05-Subscription Management,PUT,/api/v1/master/subscriptions/{subscriptionId}/cancel,,,
51,05-Subscription Management,PUT,/api/v1/master/subscriptions/{subscriptionId}/renew,,,
52,05-Subscription Management,GET,/api/v1/master/subscriptions/expiring,,,
53,05-Subscription Management,PUT,/api/v1/master/subscriptions/{subscriptionId}/recalculate-price,,,
54,05-Subscription Management,PUT,/api/v1/master/subscriptions/{subscriptionId}/limits,,,
55,05-Subscription Management,POST,/api/v1/master/subscriptions/{subscriptionId}/modules,,,
56,05-Subscription Management,DELETE,/api/v1/master/subscriptions/{subscriptionId}/modules/{moduleId},,,
57,05A-Dashboard Information,GET,/api/v1/master/dashboard,,,
58,07-Company Management,POST,/api/v1/master/companies,,,
59,07-Company Management,GET,/api/v1/master/companies,,,
60,07-Company Management,GET,/api/v1/master/companies/{companyId},,,
61,07-Company Management,PUT,/api/v1/master/companies/{companyId},,,
62,07-Company Management,DELETE,/api/v1/master/companies/{companyId},,,
63,07-Company Management,PUT,/api/v1/master/companies/{companyId}/deactivate,,,
64,07-Company Management,PUT,/api/v1/master/companies/{companyId}/activate,,,
65,07-Company Management,POST,/api/v1/master/companies/{companyId}/first-admin,,,
66,07-Company Management,PUT,/api/v1/master/companies/{companyId}/ai-api-key,,,
67,07-Company Management,GET,/api/v1/master/companies/{companyId}/ai-api-key,,,
68,07-Company Management,DELETE,/api/v1/master/companies/{companyId}/ai-api-key,,,
69,07-Company Management,GET,/api/v1/master/companies/ai-api-key,,,
70,08-Installation License Keys,POST,/api/v1/master/installation-license-keys,,,
71,08-Installation License Keys,GET,/api/v1/master/installation-license-keys/company/{companyId}/active,,,
72,08-Installation License Keys,GET,/api/v1/master/installation-license-keys/company/{companyId},,,
73,08-Installation License Keys,POST,/api/v1/master/installation-license-keys/validate,,,
74,08-Installation License Keys,POST,/api/v1/master/installation-license-keys/cancel,,,
75,08-Installation License Keys,GET,/api/v1/master/installation-license-keys/expiring-soon,,,
76,10-Tenant Users Management,POST,/api/v1/tenant/users/invite,,,
77,10-Tenant Users Management,POST,/api/v1/tenant/users/complete,,,
78,10-Tenant Users Management,GET,/api/v1/tenant/users/profileinformations/{accessId},,,
79,10-Tenant Users Management,GET,/api/v1/tenant/users/BycompanyId/{companyId},,,
80,10-Tenant Users Management,GET,/api/v1/tenant/users/invitations/ByCompanyId/{companyId},,,
81,10-Tenant Users Management,PUT,/api/v1/tenant/users/invitations/cancel,,,
82,10-Tenant Users Management,POST,/api/v1/tenant/users/invitations/{invitationId}/resend,,,
83,10-Tenant Users Management,DELETE,/api/v1/tenant/users/{accessId},,,
84,10-Tenant Users Management,PUT,/api/v1/tenant/users/{accessId}/deactivate,,,
85,10-Tenant Users Management,PUT,/api/v1/tenant/users/{accessId}/role,,,
86,10-Tenant Users Management,PUT,/api/v1/tenant/users/{accessId}/swap-role,,,
87,10-Tenant Users Management,POST,/api/v1/tenant/users/forgot-password,,,
88,10-Tenant Users Management,POST,/api/v1/tenant/users/reset-password,,,
89,10-Tenant Users Management,PUT,/api/v1/tenant/users/profile/{profileId},,,
90,10-Tenant Users Management,GET,/api/v1/tenant/users/project-admins,,,
91,11-Tenant Users Authentication,POST,/api/v1/tenant/company-auth/login,,,
92,11-Tenant Users Authentication,POST,/api/v1/tenant/company-auth/select-company,,,
93,11-Tenant Users Authentication,POST,/api/v1/tenant/company-auth/refresh,,,
94,11-Tenant Users Authentication,POST,/api/v1/tenant/company-auth/logout,,,
95,11-Tenant Users Authentication,POST,/api/v1/tenant/company-auth/exchange-code,,,
96,12-Device Authentication Management,POST,/api/v1/tenant/device/auth/register-device,,,
97,12-Device Authentication Management,POST,/api/v1/tenant/device/auth/validate-device,,,
98,12-Device Authentication Management,POST,/api/v1/tenant/device/auth/refresh,,,
99,12-Device Authentication Management,POST,/api/v1/tenant/device/auth/admin-refresh,,,
100,12-Device Authentication Management,POST,/api/v1/tenant/device/auth/admin-login,,,
101,13-Device Management,GET,/api/v1/Tenant/devices/company/{companyId},,,
102,13-Device Management,GET,/api/v1/Tenant/devices/{machineId},,,
103,13-Device Management,DELETE,/api/v1/Tenant/devices/{machineId},,,
104,13-Device Management,PUT,/api/v1/Tenant/devices/deactivate,,,
105,13-Device Management,GET,/api/v1/Tenant/devices/company/{companyId}/count,,,
106,13-Device Management,GET,/api/v1/Tenant/devices/company/{companyId}/statistics,,,
107,13-Device Management,POST,/api/v1/Tenant/devices/uninstall,,,
108,14-Revit Master Command List,GET,/api/v1/Revit/commands,,,
109,15-Revit Category List,GET,/api/v1/Revit/categories,,,
110,16-Revit Sessions,POST,/api/v1/Revit/session/Open,,,
111,16-Revit Sessions,GET,/api/v1/Revit/session,,,
112,16-Revit Sessions,PATCH,/api/v1/Revit/session/{sessionId}/heartbeat,,,
113,16-Revit Sessions,PATCH,/api/v1/Revit/session/{sessionId}/role-swap,,,
114,16-Revit Sessions,PATCH,/api/v1/Revit/session/{sessionId},,,
115,16-Revit Sessions,GET,/api/v1/Revit/session/unique-users,,,
116,16-Revit Sessions,GET,/api/v1/Revit/session/usernames/project/{projectId},,,
117,16-Revit Sessions,GET,/api/v1/Revit/session/usernames/model/{modelGuid},,,
118,16-Revit Sessions,GET,/api/v1/Revit/session/models/project/{projectId}/opening-summary,,,
119,16-Revit Sessions,GET,/api/v1/Revit/session/machine-info,,,
120,16A-Revit Model Sync,POST,/api/v1/Revit/model-syncs,,,
121,17-Revit Model Register,GET,/api/v1/Revit/models,,,
122,17-Revit Model Register,GET,/api/v1/Revit/models/{modelGuid},,,
123,17-Revit Model Register,GET,/api/v1/Revit/models/by-project/{projectId},,,
124,17-Revit Model Register,POST,/api/v1/Revit/models/register,,,
125,17-Revit Model Register,PATCH,/api/v1/Revit/models/{modelGuid}/deactivate,,,
126,17-Revit Model Register,PATCH,/api/v1/Revit/models/{modelGuid}/activate,,,
127,17-Revit Model Register,PUT,/api/v1/Revit/models/{modelGuid}/transfer,,,
128,17A-Revit Model Sessions,GET,/api/v1/Revit/models/model-sessions,,,
129,17A-Revit Model Sessions,POST,/api/v1/Revit/models/model-sessions,,,
130,17A-Revit Model Sessions,PATCH,/api/v1/Revit/models/model-sessions,,,
131,17A-Revit Model Sessions,GET,/api/v1/Revit/models/{modelGuid}/sessions,,,
132,18-Revit Model File Metrics,GET,/api/v1/Revit/metrics/manual,,,
133,18-Revit Model File Metrics,POST,/api/v1/Revit/metrics/manual,,,
134,18-Revit Model File Metrics,GET,/api/v1/Revit/metrics/periodic,,,
135,18-Revit Model File Metrics,POST,/api/v1/Revit/metrics/periodic,,,
136,18-Revit Model File Metrics,GET,/api/v1/Revit/metrics/syncsave,,,
137,18-Revit Model File Metrics,POST,/api/v1/Revit/metrics/syncsave,,,
138,18-Revit Model File Metrics,GET,/api/v1/Revit/metrics/syncsave/latest/{modelGuid},,,
139,18-Revit Model File Metrics,GET,/api/v1/Revit/metrics/periodic/latest/{modelGuid},,,
140,18-Revit Model File Metrics,GET,/api/v1/Revit/metrics/manual/latest/{modelGuid},,,
141,18A-AI Training,POST,/api/v1/master/ai-training,,,
142,18A-AI Training,GET,/api/v1/master/ai-training,,,
143,18A-AI Training,PUT,/api/v1/master/ai-training/{id},,,
144,18A-AI Training,GET,/api/v1/master/ai-training/{id},,,
145,18A-AI Training,DELETE,/api/v1/master/ai-training/{id},,,
146,18A-AI Training,GET,/api/v1/master/ai-training/category/{category},,,
147,19-Revit Project Register,POST,/api/v1/Revit/projects,,,
148,19-Revit Project Register,GET,/api/v1/Revit/projects,,,
149,19-Revit Project Register,PATCH,/api/v1/Revit/projects/{projectId},,,
150,19-Revit Project Register,GET,/api/v1/Revit/projects/{projectId},,,
151,19-Revit Project Register,DELETE,/api/v1/Revit/projects/{projectId},,,
152,19-Revit Project Register,GET,/api/v1/Revit/projects/list,,,
153,20-Revit Project Grouping Rules,POST,/api/v1/Revit/project-grouping-rules,,,
154,20-Revit Project Grouping Rules,GET,/api/v1/Revit/project-grouping-rules,,,
155,20-Revit Project Grouping Rules,PATCH,/api/v1/Revit/project-grouping-rules/{ruleId},,,
156,20-Revit Project Grouping Rules,DELETE,/api/v1/Revit/project-grouping-rules/{ruleId},,,
157,20-Revit Project Grouping Rules,GET,/api/v1/Revit/project-grouping-rules/by-project/{projectId},,,
158,21-Revit Project Admin Relation,POST,/api/v1/Revit/project-model-admins/project,,,
159,21-Revit Project Admin Relation,DELETE,/api/v1/Revit/project-model-admins/project,,,
160,21-Revit Project Admin Relation,GET,/api/v1/Revit/project-model-admins/projects,,,
161,21-Revit Project Admin Relation,GET,/api/v1/Revit/project-model-admins/projects-with-models,,,
162,21A-Revit Model Admin Relation,POST,/api/v1/Revit/project-model-admins/model,,,
163,21A-Revit Model Admin Relation,DELETE,/api/v1/Revit/project-model-admins/model/{modelGuid},,,
164,22-Revit OTP,POST,/api/v1/Revit/otp/generate,,,
165,22-Revit OTP,POST,/api/v1/Revit/otp/validate,,,
166,22-Ticket Management,POST,/api/v1/master/tickets/revit,,,
167,22-Ticket Management,POST,/api/v1/master/tickets/api,,,
168,22-Ticket Management,POST,/api/v1/master/tickets/webapp,,,
169,22-Ticket Management,POST,/api/v1/master/tickets/azure,,,
170,22b-Unmonitored Users,POST,/api/v1/Revit/unmonitored-users,,,
192,24-Revit Company Default,POST,/api/v1/Revit/company-defaults/company/rule-protections,,,
193,24-Revit Company Default,GET,/api/v1/Revit/company-defaults/company/rule-protections,,,
194,24-Revit Company Default,PATCH,/api/v1/Revit/company-defaults/company/rule-protections/{ruleProtectionId},,,
195,24-Revit Company Default,DELETE,/api/v1/Revit/company-defaults/company/rule-protections/{ruleProtectionId},,,
196,24-Revit Company Default,POST,/api/v1/Revit/company-defaults/company/command-protections,,,
197,24-Revit Company Default,GET,/api/v1/Revit/company-defaults/company/command-protections,,,
198,24-Revit Company Default,PATCH,/api/v1/Revit/company-defaults/company/command-protections/{commandProtectionId},,,
199,24-Revit Company Default,DELETE,/api/v1/Revit/company-defaults/company/command-protections/{commandProtectionId},,,
200,24-Revit Company Default,POST,/api/v1/Revit/company-defaults/company/event-protections,,,
201,24-Revit Company Default,GET,/api/v1/Revit/company-defaults/company/event-protections,,,
202,24-Revit Company Default,PATCH,/api/v1/Revit/company-defaults/company/event-protections/{eventProtectionId},,,
203,24-Revit Company Default,DELETE,/api/v1/Revit/company-defaults/company/event-protections/{eventProtectionId},,,
204,24-Revit Company Default,POST,/api/v1/Revit/company-defaults/company/health-monitor-protections,,,
205,24-Revit Company Default,GET,/api/v1/Revit/company-defaults/company/health-monitor-protections,,,
206,24-Revit Company Default,PATCH,/api/v1/Revit/company-defaults/company/health-monitor-protections/{healthMonitorProtectionId},,,
207,24-Revit Company Default,DELETE,/api/v1/Revit/company-defaults/company/health-monitor-protections/{healthMonitorProtectionId},,,
208,24-Revit Company Default,POST,/api/v1/Revit/company-defaults/company/background-sync-settings,,,
209,24-Revit Company Default,GET,/api/v1/Revit/company-defaults/company/background-sync-settings,,,
210,24-Revit Company Default,PATCH,/api/v1/Revit/company-defaults/company/background-sync-settings/{backgroundSyncSettingsId},,,
211,24-Revit Company Default,DELETE,/api/v1/Revit/company-defaults/company/background-sync-settings/{backgroundSyncSettingsId},,,
212,26-Revit Rule Protection,GET,/api/v1/Revit/rule-protections/{ruleProtectionId},,,
213,26-Revit Rule Protection,PUT,/api/v1/Revit/rule-protections/{ruleProtectionId},,,
214,26-Revit Rule Protection,DELETE,/api/v1/Revit/rule-protections/{ruleProtectionId},,,
215,26-Revit Rule Protection,GET,/api/v1/Revit/rule-protections/project-only/{projectId},,,
216,26-Revit Rule Protection,GET,/api/v1/Revit/rule-protections/by-model/{modelGuid},,,
217,26-Revit Rule Protection,GET,/api/v1/Revit/rule-protections/model-only/{modelGuid},,,
218,26-Revit Rule Protection,POST,/api/v1/Revit/rule-protections,,,
219,27-Revit Command Protection,GET,/api/v1/Revit/command-protections/{commandProtectionId},,,
220,27-Revit Command Protection,PUT,/api/v1/Revit/command-protections/{commandProtectionId},,,
221,27-Revit Command Protection,DELETE,/api/v1/Revit/command-protections/{commandProtectionId},,,
222,27-Revit Command Protection,GET,/api/v1/Revit/command-protections/project-only/{projectId},,,
223,27-Revit Command Protection,GET,/api/v1/Revit/command-protections/by-model/{modelGuid},,,
224,27-Revit Command Protection,GET,/api/v1/Revit/command-protections/model-only/{modelGuid},,,
225,27-Revit Command Protection,POST,/api/v1/Revit/command-protections,,,
226,28-Revit Event Protection,GET,/api/v1/Revit/event-protections/{eventProtectionId},,,
227,28-Revit Event Protection,PUT,/api/v1/Revit/event-protections/{eventProtectionId},,,
228,28-Revit Event Protection,DELETE,/api/v1/Revit/event-protections/{eventProtectionId},,,
229,28-Revit Event Protection,GET,/api/v1/Revit/event-protections/project-only/{projectId},,,
230,28-Revit Event Protection,GET,/api/v1/Revit/event-protections/by-model/{modelGuid},,,
231,28-Revit Event Protection,GET,/api/v1/Revit/event-protections/model-only/{modelGuid},,,
232,28-Revit Event Protection,POST,/api/v1/Revit/event-protections,,,
233,29-Revit Health Monitor Protection,GET,/api/v1/Revit/health-monitor-protections/{healthMonitorProtectionId},,,
234,29-Revit Health Monitor Protection,PUT,/api/v1/Revit/health-monitor-protections/{healthMonitorProtectionId},,,
235,29-Revit Health Monitor Protection,DELETE,/api/v1/Revit/health-monitor-protections/{healthMonitorProtectionId},,,
236,29-Revit Health Monitor Protection,GET,/api/v1/Revit/health-monitor-protections/project-only/{projectId},,,
237,29-Revit Health Monitor Protection,GET,/api/v1/Revit/health-monitor-protections/by-model/{modelGuid},,,
238,29-Revit Health Monitor Protection,GET,/api/v1/Revit/health-monitor-protections/model-only/{modelGuid},,,
239,29-Revit Health Monitor Protection,POST,/api/v1/Revit/health-monitor-protections,,,
240,30-Revit Model Health Summary,GET,/api/v1/Revit/model-health,,,
241,30-Revit Model Health Summary,GET,/api/v1/Revit/model-health/{modelGuid},,,
242,30-Revit Model Health Summary,GET,/api/v1/Revit/model-health/by-project/{projectId},,,
243,30-Revit Pin Protection,GET,/api/v1/Revit/pin-protections,,,
244,30-Revit Pin Protection,POST,/api/v1/Revit/pin-protections,,,
245,30-Revit Pin Protection,GET,/api/v1/Revit/pin-protections/{pinProtectionId},,,
246,30-Revit Pin Protection,PATCH,/api/v1/Revit/pin-protections/{pinProtectionId},,,
247,30-Revit Pin Protection,DELETE,/api/v1/Revit/pin-protections/{pinProtectionId},,,
248,30-Revit Pin Protection,GET,/api/v1/Revit/pin-protections/by-model/{modelGuid},,,
249,31-Revit Audit Log,GET,/api/v1/Revit/audit-logs,,,
250,31-Revit Audit Log,POST,/api/v1/Revit/audit-logs,,,
251,31-Revit Audit Log,GET,/api/v1/Revit/audit-logs/{auditLogId},,,
252,31-Revit Audit Log,PATCH,/api/v1/Revit/audit-logs/{auditLogId},,,
253,31-Revit Audit Log,DELETE,/api/v1/Revit/audit-logs/{auditLogId},,,
254,31-Revit Audit Log,GET,/api/v1/Revit/audit-logs/by-model/{modelGuid},,,
255,31-Revit Audit Log,GET,/api/v1/Revit/audit-logs/by-session/{sessionId},,,
256,31-Revit Audit Log,POST,/api/v1/Revit/audit-logs/{auditLogId}/send-mail,,,
257,31-Revit User Model Activity,GET,/api/v1/Revit/user-activity,,,
258,31-Revit User Model Activity,GET,/api/v1/Revit/user-activity/by-model/{modelGuid},,,
259,31-Revit User Model Activity,GET,/api/v1/Revit/user-activity/by-project/{projectId},,,
260,32-Revit Dashboard,GET,/api/v1/Revit/dashboard/by-project,,,
261,32-Revit Dashboard,GET,/api/v1/Revit/dashboard/models,,,
262,32-Revit Dashboard,GET,/api/v1/Revit/dashboard/by-project/{projectId},,,
263,32-Revit Evidence Image,GET,/api/v1/Revit/evidence-images,,,
264,32-Revit Evidence Image,GET,/api/v1/Revit/evidence-images/{imageId},,,
265,32-Revit Evidence Image,DELETE,/api/v1/Revit/evidence-images/{imageId},,,
266,32-Revit Evidence Image,GET,/api/v1/Revit/evidence-images/by-audit-log/{auditLogId},,,
267,32-Revit Evidence Image,POST,/api/v1/Revit/evidence-images/with-images,,,
268,33-Revit Model Activity Summary,GET,/api/v1/Revit/model-activity-summary/by-project/{projectId},,,
